大類,小分類,連結
電腦電子,筆記型電腦,https://www.ruten.com.tw/category/00110002/list
電腦電子,筆記型電腦專用配件,https://www.ruten.com.tw/category/00110020/list
電腦電子,平板電腦,https://www.ruten.com.tw/category/00110013/list
電腦電子,桌上型電腦,https://www.ruten.com.tw/category/00110001/list
電腦電子,電腦周邊設備,https://www.ruten.com.tw/category/00110003/list
電腦電子,電腦周邊耗材,https://www.ruten.com.tw/category/00110004/list
電腦電子,電腦軟體,https://www.ruten.com.tw/category/00110006/list
電腦電子,電腦零組件,https://www.ruten.com.tw/category/00110005/list
電腦電子,電子零件、材料,https://www.ruten.com.tw/category/00110016/list
電腦電子,網路設備,https://www.ruten.com.tw/category/00110007/list
電腦電子,電子儀器、測量,https://www.ruten.com.tw/category/00110018/list
電腦電子,線材、轉接頭,https://www.ruten.com.tw/category/00110017/list
電腦電子,行動硬碟,https://www.ruten.com.tw/category/00110032/list
電腦電子,LCD螢幕,https://www.ruten.com.tw/category/00110025/list
電腦電子,代買、海外代購,https://www.ruten.com.tw/category/00110015/list
電腦電子,工商設備,https://www.ruten.com.tw/category/00110024/list
電腦電子,其他電腦電子用品,https://www.ruten.com.tw/category/00110026/list
電腦電子,滑鼠、鍵盤,https://www.ruten.com.tw/category/00110027/list
電腦電子,印表機、墨水/碳粉匣,https://www.ruten.com.tw/category/00110028/list
電腦電子,CPU/主機板,https://www.ruten.com.tw/category/00110029/list
電腦電子,SSD/記憶體,https://www.ruten.com.tw/category/00110030/list
電腦電子,顯示卡/介面卡,https://www.ruten.com.tw/category/00110031/list
